{
  "project_info": {
    "project_number": "339049311137",
    "firebase_url": "https://virtual-cr.firebaseio.com",
    "project_id": "virtual-cr",
    "storage_bucket": "virtual-cr.appspot.com"
  },
  "client": [
    {
      "client_info": {
        "mobilesdk_app_id": "1:339049311137:android:38bce69330f3d5fc",
        "android_client_info": {
          "package_name": "mahfuz.virtualcr01"
        }
      },
      "oauth_client": [
        {
          "client_id": "339049311137-qibs4n569u9h60mpk985i88ejico3ops.apps.googleusercontent.com",
          "client_type": 1,
          "android_info": {
            "package_name": "mahfuz.virtualcr01",
            "certificate_hash": "a35059468d8b876392b6605282f99a894a38cd21"
          }
        },
        {
          "client_id": "339049311137-68hf15amrvv9l9rgflmd691vt3sos8ig.apps.googleusercontent.com",
          "client_type": 3
        }
      ],
      "api_key": [
        {
          "current_key": "AIzaSyAKdkunmrpOo2benpwNf3NqH3qnIi4d5u4"
        }
      ],
      "services": {
        "analytics_service": {
          "status": 1
        },
        "appinvite_service": {
          "status": 2,
          "other_platform_oauth_client": [
            {
              "client_id": "339049311137-68hf15amrvv9l9rgflmd691vt3sos8ig.apps.googleusercontent.com",
              "client_type": 3
            }
          ]
        },
        "ads_service": {
          "status": 2
        }
      }
    }
  ],
  "configuration_version": "1"
}